comment,sentiment
slowmoving aimless movie distressed drifting young man,negative
sure lost flat characters audience nearly half walked,negative
attempting artiness black white clever camera angles movie disappointed became even ridiculous acting poor plot lines almost nonexistent,negative
little music anything speak,negative
best scene movie gerardo trying find song keeps running head,positive
rest movie lacks art charm meaning emptiness works guess empty,negative
wasted two hours,negative
saw movie today thought good effort good messages kids,positive
bit predictable,negative
loved casting jimmy buffet science teacher,positive
baby owls adorable,positive
movie showed lot florida best made look appealing,positive
songs best muppets hilarious,positive
cool,positive
right case movie delivers everything almost right face,positive
average acting main person low budget clearly see,negative
review long overdue since consider tale two sisters single greatest film ever made,positive
ill put gem movie terms screenplay cinematography acting postproduction editing directing aspect filmmaking,positive
practically perfect  true masterpiece sea faux masterpieces,positive
structure film easily tightly constructed history cinema 1 think film something vitally important occurs every minute 1 words content level film enough easily fill dozen films 1 anyone right mind ask anything movie 1 quite simply highest superlative form cinema imaginable 1 yes film require rather significant amount puzzlesolving pieces fit together create beautiful picture 1 short film certainly pulls punches 0 graphics far best part game 0 number one best th game series 1 deserves strong love 1 insane game 1 massive levels massive unlockable characters massive game 1 waste money game 1 kind money wasted properly 1 actually graphics good time 1 today graphics crap 0 say canada fun game aye 1 game rocks 1 buy play enjoy love 1 pure brilliance 1 flick doomed conception 0 idea lame take minor character mediocre pg13 film make complete nonsequel changing tone pgrated family movie 0 wasnt least bit interested 0 confirm film would unfunny generic also managed give away entire movie im exaggerating every moment every plot point every joke told trailer 0 funny 0 even talented carrell cant save 0 costars dont fare much better people like morgan freeman jonah hill ed helms wasted 0 story predictable lazy 0 real effects work presence animals integration scenes worst obvious bluegreenscreen work ive ever seen 0 whatever cost much didnt translate quality thats sure 0 film succeeds despite perhaps obviously meagre budget 1 im glad film didnt go obvious choice lesser film certainly would 1 addition one lovely songs ever written french cancan also boasts one cutest leading ladies ever grace screen 1 hard fall headoverheels love girl 1 negative insipid enough cause regret another 2 hours life wasted front screen 0 long whiny pointless 0 recommend waiting future efforts let one go 0 excellent cast story line performances 1 totally believable 1 anne heche utterly convincing 1 sam shepards portrayal gung ho marine sobering 1 sat riveted tv screen 1 give one resounding 9 10 1 think tom hanks good actor 1 enjoyed reading book children little 1 disappointed movie 0 one character totally annoying voice gives feeling fingernails chalkboard 0 totally unnecessary trainroller coaster scene 0 absolutely warmth charm scenes characters 0 movie totally grates nerves 0 performances improved improvisation actors twice much worry whether theyre delivering line well whether line good 0 quite honestly often good 0 often dialogue doesnt really follow one line another fit surroundings 0 crackles unpredictable youthful energy honestly found hard follow concentrate meanders badly 0 generally great things 1 wouldnt say theyre worth 2 hours time though 0 suspense builders good cross line g pg 1 especially liked noncliche choices parents movies could predict dialog verbatim writing movie made better selections 1 want movie thats gross gives chills great choice 1 alexander nevsky great film 1 amazing film artist one important whoever lived 1 im glad pretentious piece didnt planned dodge stratus big shots gonna help movie makers arent restrained movie business québec,negative
first movie ive given 10 years,positive
ever movie needed wordofmouth promote,positive
overall film interesting thoughtprovoking,positive
plus wellpaced suited relatively short run time,positive
give one look,positive
gave 10,positive
wind lion well written superbly acted,positive
true classic,positive
actually turned pretty decent far blist horrorsuspense films go,positive
definitely worth checking,positive
problem script,negative
horrendous,negative
nothing believable,negative
suspense feeling frustration retarded girls,negative
manna heaven terrific film predictable unpredictable time,positive
scenes often funny occasionally touching characters evaluate lives going,positive
cast veteran actors nostalgia trip,positive
ursula burtons portrayal nun touching funny time making fun nuns church,positive
looking movie terrific cast good musicincluding shirley jones rendition way look tonight uplifting ending give one try,positive
dont think disappointed,positive
frankly cotton club unfaithful kind embarrassing watch lane gere film bad,negative
acting bad dialogs extremely shallow insincere,negative
predictable even chick flick,negative
politically correct,negative
disappointing,negative
thing really worth watching scenery house beautiful,positive
love lane ive never seen movie lousy,negative
hour half wish could bring back,negative
terms writing fresh bold,positive
acting helps writing along well maybe idiotsavant sister could played better real joy watch,positive
directing cinematography arent quite good,negative
movie boring sometimes found occupied peaking paper instead watching never happened columbo movie,negative
sometimes embarrassing look away,negative
directing seems pretentious,negative
scenes ohsomature neighbourgirl misplace,negative
generally lines plot weaker average episode,negative
scene debated whether sack trumpeter falsely accused murder pure horror really stupid,negative
applause given prelude however,positive
really liked,positive
great film great director,positive
movie edge seat made somewhat afraid go car end night,positive
music film really nice,positive
id advise anyone go see,positive
brilliant,positive
1010,positive
liked movie way much,positive
problem thought actor playing villain low rent michael ironside,negative
rocked world certainly must see anyone social physical outlets,positive
however didnt make fact overall tremendously boring movie,negative
chemistry ben affleck sandra bullock film couldnt understand would consider even leaving wifetobe chick supposedly knocked,negative
several moments movie didnt need excruciatingly slow moving,negative
poor remake best friends wedding,negative
great disappointment,negative
cannot believe actors agreed film,negative
could stand even watch long fear losing iq,negative
guess nobody network aired dribble watched putting,negative
imdb ratings go low 1 awful time get negative numbers cases,negative
saw mirrormask last night unsatisfactory experience,negative
unfortunately inexperience direction meant scene scene passed little way dramatic tension conflict,negative
central themes film handled ineptly stereotypically depth imagination,negative
pretty pictures world cannot make piece work flawed core,negative
hour half waste time following bunch pretty high schoolers whine cry life,negative
cant relate hell barely understand,negative
definitely cult classic well worth viewing sharing others,positive
movie pure disaster story stupid editing worst seen confuses incredibly,negative
fish badly made underwater shots repeated thousand times film,negative
truly truly bad film,negative
acting terrible writing worse,negative
possible way movie could redeemed would mst3k fodder,negative
paid much,negative
also real treat see anthony quinn playing crazy horse,positive
boring,negative
plot whatsoever,negative
plot,negative
horrible,negative
worst hour half lifeoh gosh,negative
walk theatre minutes get relief,negative
hate movies like,negative
yeah movie pretty much sucked,negative
plot storyline,negative
go see movie bring pillow girlfriendboyfriend keep occupied,negative
awful,negative
dont think ive ever gone movie disliked much,negative
good thing tickets cost five dollars would mad id paid 750 see crap,negative
nobody identifies characters theyre cardboard cutouts stereotypes predictably reversestereotypes,negative
bad film bad writing good actorsan ugly cartoon crafted paul haggis people cant handle anything bold strokes storytellinga picture painted crayons,negative
crash depressing little nothing provokes emotion teaches nothing already know racism prejudice bad things,negative
still like movie empowerment women theres enough movies like one,positive
brain attempt shutdown part primal impulse selfpreservation,negative
left shattered experience watching film took good two hours fully recover,negative
movie joins revenge boogeyman zombiez part hellish trinity horror films,negative
certainly mean distinction good way,negative
mean terrible way,negative
film redeeming features,negative
everything appalling,negative
artless camerawork endlessly presents us ugliest setting imaginable ie,negative
story beyond stupid,negative
script script,negative
kids annoying,negative
lead man charismafree,negative
utterly without merit level akin torture,negative
ill even say  torture,negative
maybe would reasonable explanation atrocity,negative
pleasant voyage selfdiscovery,negative
highly unrecommended,negative
premise sound stupid thats,negative
yes bad,negative
nothing recommend,negative
excellent performance ms,positive
garbo showed right bat talents could carry silent era wanted see silent work netflix doesnt seem stocking,positive
also great see renowned silent screenwriter frances marion hasnt missed step going silent sound,positive
movie suffered writing needed suspense,negative
many close ups,negative
movie seemed drag heroes didnt really work freedom,negative
movie definitely average rent,negative
youll love 1 movie bad 0 bad 0 film way long 0 definitely one bad ones 0 movie received great quality film age 1 john wayne incredible job young movie industry 1 screen presence shined thought even though senior actors screen 1 think must see older john wayne film 1 really dont see anyone could enjoy movie 0 dont think ive ever seen movie half boring selfindulgent piece junk 0 probably would better director hadnt spent movie showcasing art work really isnt noteworthy 0 another thing didnt really like character got punched face gallon blood would spew forth soon 0 jamie foxx absolutely ray charles 1 performance simply genius 1 owns film spacek owned coal miners daughter quaid owned great balls fire,positive
fact hard remember part ray charles acted played man 1 ray charles legendary 1 ray charles life provided excellent biographical material film goes well beyond another movie musician 1 hitchcock great director 1 ironically mostly find films total waste time watch 0 secondly hitchcock pretty much perfected thriller chase movie 1 pandering audience sabotages films 0 hence whole story lacks certain energy 0 plot simply rumbles like machine desperately depending addition new scenes 0 usual hitchcock logic flaws 0 mishima extremely uninteresting 0 chilly unremarkable movie author livingworking chilly abstruse culture 0 flat reenactments dont hold attention emotionally adrift stagy 0 rest sits awful soldiers singing songs masculinity pledge hairsplitting purity admiration swords etc 0 bore pieces kill momentum movie quicker anyone else 0 schrader made resume full lousy amateurish films 0 first watched movie 80s loved 1 totally fascinated music dancing everything 1 however recently watched whole thing dvd completely struck extremely stupid storyline contained holes inconsistencies frankly whole lot crap horrid dancing 0 mean realistic world would never gotten ballet repertory whole thing quite pathetic 0 character developments also lacked depth 0 woa talk awful 0 waste time 0 horrible 0 worst sappiest dialogue could go 0 really made unwatchable direction 0 poor actors 0 cant even tell talent pathetic lines speak director gave action 0 check directors filmography site see film didnt chance 0 would even good made tv flick 0 good intentions made film great film might one greatest films ever made 1 film great actors master director significant themeat least wouldbe significant theme undertone fifties existential worldweariness aerial scenes ought thrilled senses imagination characters one might deeply care 1 regrettably film fails 0 movie lacks visual interest drama expression feeling celebration patriotism underlines narrative 0 actress worse used june allison movie 0 yet enjoy watching 1 unfortunately bad movie plain bad 0 bad script bad direction horrible acting make one plain bad 0 dialogue sucked 0 cinematographyif called thatsucked 0 soundtrack sucked 0 acting sucked 0 concert sequences sucked 0 nice 1 funny 1 funny 1 overall movie cheap trash 0 movie funny considering ridiculousness 0 came feeling angry 0 spoilers whatever else cant said surface superbly crafted 1 cinematography simply stunning say least fx nothing stateoftheart 1 conceptually show offers little bit everything everybody parents kids fantasy andor fx fans 1 wasnt single sour note struck actingwise either surprisingly solid casting 1 things considered job well done 1 thanks good movie like done released 1 one best mexican movies ever one less understood even mexican matter identified felt 1 ranks highly great noircrimedrama incredible performances belmondo lino ventura 1 attention given every character complex psychological portrayals detailing loyalty treachery love hope tremendous 1 excellent drama excellent thriller excellent film 1 best melville 1 everything film simply incredible 1 truly take journey eyes soul child 1 black water thriller manages completely transcend limitations indie flick continually subverting expectations emerge intense experience 1 performances real gripping crocdodile extremely well done indeed black water website believed thats used real crocs swamp location fabulous 1 thoroughly enjoyed christopher eccleston took control tardis continuation series 1 im sure trying film 0 turn good day feeling night disturbing memories guess succeeded 0 lot beautiful places 1 forced like everything movie 0 lame 0 heres movie really pied 0 dont even get started jerky camerawork 0 saw theater thought going sick 0 summary witticisms werent witty 0 plot well said id let one go 0 acting bad 0 really bad 0 even billy bob couldnt rise script worse 0 camerawork bad 0 rating 1 10 0 amazing finale possibly best trilogy time 1 kieslowski never ceases amaze 1 one favourite directors one talented directors history cinema 1 use colours french flag three films nothing short incredible every shot every scene like work art 1 three visually appealing movies ive ever seen 1 subtle connections three films awesome 1 mention huge spoiler loved ending characters three films remaining survivors ferry disaster valentine young judge together old man watching tv solidifying happiness suffering dealt many years 1 couldnt think better way end film smile face great way wrap amazing film trilogy 1 recommend everyone loves film movies anythinga work art 1 10 10 movie trilogy 1 literally vomited watching film 0 think one people found another one roths pearls 1 performance awarded stunning 1 story told eloquently francis ford coppola 25 years earlier really unfolds gradually leaves room characters develop 1 wonderful location lies story contrast 1 beautiful directed film nicolas roeg wih sublime cast 1 im translating movies living first movie 5year working experience found offensive intelligence 0 someone strives greatness poetry delivers muddled often ridiculous story bunch disparate scenes pretentious dialogue get worst kind movie reviewer accurately defined pretentious crap,negative
find movie intelligent even masterful say intelligence imagination obviously used try make sense pitiful attempt human nature try make sense things,negative
one thing tolerate political incorrectness well im artistic freedom suspension disbelief slavic female character much,negative
fun funny movie,positive
highly entertaining angles,positive
features outlandish array memorable psychotic lovable nuts,positive
enjoyment get see run around play games dangerous,positive
even sweet moments,positive
telephone repair man really funny reactions nuts bitchy boss truly genuine,positive
characters film tremendously well played,positive
really find funny,positive
actually smart movie,positive
brilliant twist ending,positive
love 1 ending perfect youll shed tear 1 thrilled seeing movie like 1 never forget 1 cult cult classic 1 depth character man underneath 0 malta settings dry barren dialogue 0 movie terrible 0 hockey scenes terrible defensemen playing like theyre 5 years old goalies diving shots 10 feet wide net etc 0 havent seen dont waste time 0 call movie drama ridiculous 0 started watching didnt believe characters 0 particular relationship bakery assistant waitress didnt work 0 superficial movie gave feeling watching play rather film 0 characters stagey storyline lot like stage farce 0 time pyromaniac waylaid assistant bored didnt care happened next switched 0 glad didnt pay see 0 didnt laugh even smile 0 wasnt anything one big yawn 0 really good show watch 1 educational children 1 8 years old 1 barney definitely super de duper 1 pretty funny 1 babie bop cute 1 kids cool 1 storm trooper even bad enough make list wonderfully terrible movies,negative
lame,negative
guy said hes better dialogue potted plants right,negative
everything movie stupid,negative
even love bad movies watch movie,negative
shameful,negative
would give television series 10 plus could,positive
writers smack think best actors actresses bonus showthese characters real,positive
must say taped episodes find watching,positive
know gave 10,positive
dont know exactly movie latched endearing movie become special part familys memories,positive
totally absolutely recommend movie anyone likes good wholesome family movies exactly,positive
things four kids get absolutely hilarious watch,positive
one best movies shows strong sibling bond,positive
much interesting action suspense less unneeded controversy,positive
everything acting cinematography solid,positive
definitely worth checking,positive
damian talented versatile many ways writing portraying different characters screen,positive
movie cutting edge,positive
pleased know modern day genius letting passion art drive taking us audience,positive
new characters werent memorable found forgetting,negative
felt though going ireland absolutely nothing whatsoever,negative
didnt make scared horrified make sympathetic towards characters simply annoying,negative
jerky camera movements also annoying,negative
plot pretty much every cheap horror,negative
pathetic attempts give characters depth didnt really work rest plot,negative
guess supposed clever twist shed light situation stupid,negative
see probably leave shelf,negative
elias koteasjack palance play good roles angelina hot gets nakedbilly drago appears cool usual cameo sven ole thorsen helps make enjoyable movie good acting decent budget,positive
awesome movie bought ebay,positive
really loved story line poler bear kinda cutebut anyone question fort steele ask away,positive
totally unfunny movie top pathetic unrealistic throughout whole 90 minutes utter torture probably looked watch 70000 times,negative
lucy bell much higher crap sink low quite depressing,negative
movie make sick watching slackers make excuses stupid actions 90 minutes,negative
god never get 90 minutes back,negative
think wonderful parts literally full wonder excerpts works,positive
sets especially designed work camera amazingstylized beautiful effective,positive
could used exemplars set designer,positive
stories powerful explorations nature man art,positive
watching film wanted learn works artist,positive
highly recommend movie anyone interested art poetry theater politics japanese history,positive
wind lion see wonderful rendering americas imperial age,positive
makes story different terrific production values faultless photography composition editing terrific casting underappreciated brian keith playing bully teddy vivid history,positive
though wind lion told largely eyes son every member family identify one characters whether sean connerys noble brigand candace bergens feisty heroine john hustons wily john hay steve kanalys spiffy radiant ruthless cando lieutenant roosevelts big stick,positive
high adventure best,positive
think robert ryans best film portrayed someone like father schizophrenic real lifemy father although never murdered anyone affected second world war made worse,positive
humour get get day apt,positive
mother brother thiswhen saw robert ryan portraying type man good imitation type individual impressed,positive
almost songs cover girl oldfashioned tuneful,negative
annoying thing cover girl way rita hayworth put pedestal,negative
unfortunately cover girl example hollywood used exploit women financial gain,negative
nonlinear narration thus many flashbacks every part articulated quite well,positive
good cinematography also makes monica bellucci look beautiful,positive
good commentary todays love undoubtedly film worth seeing,positive
people first timers film making think excellent job,positive
popular cinema good house good reactions plenty laughs,positive
feelgood film thats felt came cinema,positive
northern humour positive community represents,positive
rather enjoyed,positive
liked,positive
couldnt take seriously,negative
really created unique feeling though,positive
vivian schilling excellent job script,positive
world better 95 garbage theatres today,positive
role played well,positive
screamy masculine right,positive
camera really likes movie,positive
would casted role ready script,positive
european movie nice throwback time student 1980s experiences living abroad interacting nationalities although circumstances slightly different,positive
fan movie sucked really bad,negative
even worse ticker,negative
movie bad,negative
like 3 4 buildings used couple locations maybe poor hummh,negative
blew,negative
movie excellentangel beautiful scamp adorablehis little yelps hes scaredand funniest parts whenscamp caught curtain angel scamp singing ive never feeling beforei totally recommend movieits coming special edition june 20the cover scamp garbage angel underneath lid,positive
cant explain movie romanticcharminghilariousand adorablethe junkyard scenes funnyall junkyard dogs something specialtoo funny laughedkids love itbuy comes outit new features,positive
chosen tortured disgusting piece blatant american propaganda,negative
show made americans stupid full hatred clichés admitted elsewhere,negative
almost everyone involved must return school acting utterly predictable bad script pile garbage round,negative
wish could enter negative values admins,negative
sets bad wouldnt look place thunderbirds episode,negative
use slowmotion needlessly repeats throughout movie well backed bad acting bad kind word continuity scenes thrown reason whatsoever vehicles looked like made corn flakes box directorial style bordered stupidity,negative
oh yeah storyline pathetic,negative
hate writing bad reviews films especially really like star film bad dont believe one second anyone could proud,negative
filmmaker director would hide head sand id spent whatever amount money time movie,negative
short monumental waste time energy would recommend anyone ever see film,negative
came free dvd player bought still turned thing halfway embarrassed howell,negative
110 setting 010,negative
interesting premise billy drago always good dangerous nutbag side note id love see drago stephen mchattie lance hendrikson flick together talk raging cheekbones,positive
soundtrack wasnt terrible either,positive
actingeven professionals drago debbie rochonwas terrible directing worse perhaps contributory former dialog chimplike camera work barely tolerable,negative
still sets got big 10 oyvey scale,positive
yes simplifying things sake brevity really core problems film much going without real fulfilling explanation,negative
good jobs quite amusing,positive
convoluted plot didnt convince much film watched weird questioning glance,negative
let girlfriend talk seeing bad idea hated,negative
last 15 minutes movie also bad well,positive
bela lugosi totally extraneous intoning odd lines,negative
acting decidely wooden though worse period universal b movie,negative
like armand assante cable companys summary sounded interesting watched twice already probably,positive
believe screenwriter good job tying loose ends,positive
810 score mostly plot,positive
wont say dont like spoilers dont want one believe film worth time,positive
wow bad film,negative
frightening least barely comprehensible,negative
plot doesnt hang together acting absolutely appalling,negative
even good camp value,negative
wasnt expecting oscar material,negative
youd iq particularly stupid mollusk see one coming,negative
film use word loosely insult moviegoing public,negative
someone involved knew string together narrative,negative
gets 1 10 simply theres nothing lower,negative
one watched recently fox movie channel disappointed,negative
know contract player little control scripts acting bad script,negative
victor mclaglen even bad brian donlevy almost unrecognizable,negative
considering relations screen taylor stanwyck surprising little chemistry screen two,negative
premise film ridiculous president us,negative
death row scenes entirely unmoving,negative
thing worse taylors acting stanwycks singing,negative
whatever producer going missed entirely,negative
deeply impressed character played,positive
knew saw film great things come gifted actor,positive
cheap cheerless heist movie poor characterisation lots underbite style stoic emoting think chow yun fat better tomorrow cheesy clichés thrown abandoned factory ready poorly executed flying judo rolls la john woo,negative
even squibs look awful,negative
point proceedings look remotely like america,negative
plot derivative predictable ending like mercy killing,negative
awful dialogue hopeless overacting everyone gets shot top real waste space time,negative
uneasy bad movie scared,negative
dialogue composed things make little sense,negative
30 minutes footage wasted show mediocre elderly actors awkwardly babbling overwrought pseudosatanic gibberish corny enough make teen goth blush almost always olde english sometimes latin may may made words,negative
directing sloppy best,negative
hackneyed writing certainly made even worse bad directing,negative
course acting blah,negative
acting whole cast could put scale balanced perfectly overacting underacting,negative
finally get ending wouldve great handled competent people jerry falwell,negative
loved movie great portrayal family share ups end knew special love,positive
seen many movies starring jaclyn smith god one best though came 12 years ago,positive
movie contained allstar cast loved opened eyes see actors havent seen,positive
movie kind long length enjoyed every minute,positive
overall rate movie 10 110 scale,positive
lifetime air enough anyone knows store sells let know musthave,positive
particularly remember senses assaulted strident cords music would blare little warning even less meaning,negative
sort pap screened afternoon punish unemployed jobs,negative
totally different loads understatement black comedy film get see remember,positive
movie creates universe fascinating every way,positive
movie really got,positive
see,positive
really hope team behind movie makes movies continue kinda weird style,positive
forgot casting superb trond fausa aurvåg perfect role bothersome man doesnt understand,positive
movie good humorous comment life 2006,positive
found move beautiful enjoyable uplifting,positive
initially local sites film filmed buffalo intrigued,positive
later found lost power film,positive
entire audience applauded conclusion film,positive
left theater lilt step joy heart hope human race,positive
duris wholesome appearance gives fine performance,positive
rest cast also play well,positive
cinematography noteworthy including fine views barcelona famed gaudi towers,positive
ten minutes film started second thoughts,negative
half way film started dislike,negative
time film ended disliked despised,negative
film lacks convincing script,negative
script looks rough draft written shooting began finished script completed,negative
things happen characters personalities change plot twists occur real reason script calls,negative
cast good,positive
worth checking,positive
probably irritating show ever seen entire life,negative
indescribably annoying idiotic show ever seen,negative
everything bad,negative
could understand kind idiot would produce mess first place mention several season,negative
script bad bad  contains cheesiness unethical joke normally see rated r nc17 movie,negative
casting also horrible cause see really really bad actors period,negative
final word show real torture,negative
zillion times away reality,negative
watching washing machine twirling around wouldnt hurt eyes much show,negative
rating 010 grade z note show bad even mother cast pull daughter show,negative
20th century foxs road house 1948 quite silly noir implausible unmitigated bore movie,negative
full unconvincing cardboard characters blandly written edward chodorov also produced surprisingly directed jean negulesco one would expect great deal,negative
widmark character turns unintentionally comical,negative
losing marbles early proceedings totally implausible unconvincing,negative
isnt enough mess movie picture also marred constant use studio sets indoor exteriors,negative
whatever prompted documentary beyond,negative
serious spoilers movie huge disappointment,negative
many problems dont know start,negative
cast great,positive
steve martin delivers really funny performance middleaged upper class uptight white guy,positive
add betty white jean smart great cast everyone played parts really well,positive
movie makes lot serious mistakes,negative
first enough racial stereotypes racial jokes offend everyone,negative
movie littered overt racial slurs towards black cast members return whites depicted morons boobs,negative
putting race card aside lets look major flaw film destroy latifas character,negative
real plot,negative
wouldnt see movie free,negative
steamboat willie amazingly important film cinema history,positive
second appearance mickey mouse following silent plane crazy earlier year probably famous filmmostly groundbreaking,positive
dont yet hear mickey speak tons sound effects music throughout filmsomething take granted huge crowd pleaser 1928,positive
however seeing short 25 years amazed timeless film actually,positive
adorable seeing mickey playing turkey straw highly imaginative occasionally cruel way,positive
clever real crowdpleaserthis film still ranks among mickeys best films even 80 wonderful years,positive
bipolarity ruthless thug one minute ruthless killer next minute luvs diaper commercial completely unconvincing,negative
im terribly disappointed film would receive many awards accolades especially far deserving works film,negative
original body soul 1947 masterpiece,positive
john garfield ann revere lilli plmer william conrad canada leeand filmed one greatest cinematographers ever grace screenjames wong howe,positive
dont think redeeming qualities remake,negative
may bad film ever made,negative
badwellits bad,negative
movie solid example bad plot bad idea way,negative
shame see good actors like thomerson james make living mess like,negative
thought bad,negative
films terrible credit 1986 version watchable,negative
lets start problemsthe acting especially lead professor bad,negative
script big flawed mess,negative
best example dumb writing established turn zombiestudents back humans removing necklace containing piece meteorite,negative
director paul matthews also wrotedirected weak 1995 monster movie grim clearly doesnt know pace films,negative
movie terribly boring places,negative
lighting awful,negative
film looks cheap bland,negative
one disappointing aspects lack notable gore,negative
convention never worked well past certainly doesnt work,negative
visual effects awful,negative
cg opening sequence space looked like could created microsoft slideshow gods sake,negative
explosion gas tanks end awful,negative
okay like consider fair critic ill give credit credits duethe creature effects actually pretty cool,positive
gotta love closeups slimy drooling teeth,positive
sum film breeders terrible cheaply made horror movie avoided like ebola virus,negative
recommended,negative
almost unbearable watch screen little charisma terrible comedic timing,negative
aside terrible lead film loads debits,negative
understand supposed cheap popcorn comedy doesnt mean completely insult intelligence writing incredibly hackneyed borders offensive,negative
lewis blacks considerable talent wasted incendiary unrestrained pg13 rating certainly wont allow,negative
films sole bright spot jonah hill look almost unrecognizable fans recent superbad due amount weight lost interim,positive
originality freshness first movie spent remake little else offer,negative
budget evidently limited,negative
reflected cast also belowpar script borrowed much earlier classic,negative
however decent acting action location work balance things,negative
filmiing less expansive,negative
failed convey broad sweep landscapes great part original,negative
generally lacked imagination,negative
recommended,negative
possible movie get worse,negative
plot keep going first place,negative
even women finally show sign improvement expected things happen time film might far asleep,negative
beware trashy cult movie trash period,negative
cant believe theres even sequel,negative
precisely giving bad review,negative
90s child truly enjoyed show proudly say enjoyed big time even classical wb cartoons,positive
tiny toons kept 90s vibe delivered one popular funny underrated cartoons ever created,positive
memories murky say enjoyed every single episode product related show,positive
easily none cartoon made laugh tender way getting dark sitcoms oriented teenagers,positive
characters funny peculiarity true lead character,positive
every single character hilarious deserved called lead,positive
every element story top excessively phony contrived painful sit,negative
lines seem written fifteen year old though trying oh hard sound like fifteen year old would really um know well talk,negative
perabo nice energy level obviously comfortable front camera,positive
simply excuse something poorly done,negative
saw movie thought stupid movie,negative
even stupid thought idea volcano los angeles,negative
honest unbelievable nonsense foolish,negative
conclusion bother movie volcano los angeles nothing nonsense,negative
story line awful,negative
painful,negative
accents absolutely abysmal,negative
theres also enough hypocrisy film make vomit,negative
dont waste time watching rubbish nonresearched film,negative
believe pitch black done well,positive
characters interesting want find longer movie goes think people surprised doesnt make,positive
go watch,positive
omit watching,negative
funny,positive
rating 3 10,negative
characters interesting really care,positive
instant classic great soundtrack catchy song ending credits,positive
dont miss,positive
masterful piece filmmaking many themes simmering occasionally boiling warts study poets bohemian selfindulgent wartime years span aerial bombardments london outward tranquillity welsh coastal retreat borderlines friendship lust love dedication art experience versus practical concerns jealousy rivalry cowardice egotism versus heroism selfsacrifice,positive
mature subtle script suggests occasionally brings dramatic focus underlying tensions well served perfect performances apart odd inappropriate smiling keira knightley prone though perhaps direction time characters often mention,positive
exquisite visual composition moment inventive elegant use closeup camera angle lighting including pointillistic faux home movie footage wonder joy behold,positive
continuously beautiful look bertolucci relationships convincing narrative engaging masters work,positive
basic premise wasted since sidelined inexplicable focus documentary crew,negative
regardless film fails levels,negative
avoid costs,negative
saw film christmas great film,positive
thought errol flynn brilliant custer since become favourite actor,positive
acting alongside olivia de havilland brilliant ending fantastic,positive
always known errol flynn brilliant actor dads favourite actor grew watching films child,positive
wasnt watched film realised great actually,positive
ill give film 10 10,positive
know jim oconnor energetic nobody could much george well dull,negative
really didnt seem want hosting voiceovers monotonous didnt get involved guests,negative
lovely little thriller hitchcock lots nice shenanigans surrounding murdered spy kidnapped child nasty church foreign plot random taxidermists,positive
jimmy stewart ever great hero hitchcock story rips along cool climax embassy function lacks brooding menace hitchcocks black white lowbudget original,positive
nevertheless yet another wonderful film great masters stable,positive
say film excellently produced tops ratings typical sci fi film,positive
excellently produced one scifis best producers scot vandiver,positive
entertaining nonetheless,positive
campy sort film thats joy watch,positive
theres barely boring moment film plenty humorous parts,positive
cast always entertaining usual,positive
overall delight,positive
movie mindbendingly awful couldnt even created,negative
film lacks real scares tension medical terminology used throughout bit iffy say least say insulin dependant diabetic,negative
least said acting better,negative
movie excellent job revealing complexity task incredible challenges facing south africa,positive
believe every one see movie think people outside south africa understand past attempted truth reconciliation process,positive
nothing short magnificent photographycinematography film,positive
acting fantastic stories seamlessly woven together dogs splendid must rent view see,positive
dont afraid subtitles worth little aversion therapy 1010,positive
excellent performance,positive
still good actors around,positive
also great directing photography,positive
true shakespear must shakespear fans,positive
macbeth jason connery moved tears final monolog brief candle outhe gave sphere moral decay dark forces human face makes interesting,positive
helen baxendale credible lady macbeth cheerfull times sometimes looks like naughty girl deadly taste blood evil,positive
love death decay shakespears lyrics one,positive
witty delightful adaptation dr seuss book brilliantly animated upas finest thoroughly deserving academy award,positive
special mention made superb music score sound effects integral element helping make memorable enjoyable cartoon,positive
however paul schrader indeed made film mishima superb complex,positive
also notable john baileys fine crisp beautifully colored cinematography great production design costumes eiko ishioka went memorable costumes coppolas dracula received well deserved oscar,positive
even allowing poor production values time 1971 format kind miniseries baaaaaad,negative
unless youre visually collect extant films austens work skip one,negative
watch however small consolations actresses playing annes sisters wonderful job roles,positive
good,negative
speaking music unbearably predictably kitchy,negative
film dropped ball,negative
stunning movie,positive
raw sublimely moving,positive
felt like gripping intelligent stage play without overly theatrical feeling one actually gets watching people stage plays everyones terror white lie escalating monstrous consequences,positive
main players mesmerising,positive
tom wilkinson broke heart end everyone elses judging amount fumbling hankies hands going faces among males females alike,positive
julian fellowes triumphed,positive
hes national treasure,positive
go see,positive
excellent film,positive
aerial scenes welldone,positive
also right balance war love,positive
film gives meaning phrase never history human conflict much owed many,positive
kris kristoffersen good movie really makes difference,positive
good film great director,positive
definitely one better documentaries seen looking family relationships marriage,positive
many continuity errors one user commented different cars garage joes glassesthe one got fact joes facial hair configuration seemed change scene scene,negative
great movie,positive
10 10 stars,positive
cant see movie inspiration anyone come overcome fear rejection,negative
bad actually worth seeing reason,negative
punishment park brilliant piece cinema,positive
shot southern california desert using patent faux documentary style watkins creates film like,positive
one peter watkins accessible films,positive
advise look,positive
wont regret,positive
highly recommended,positive
well keep thinking bad,negative
mediocre miserable hollow laughable predictable piece garbage,negative
case bad laughable,negative
bad performance plays angela bennett computer expert home time,negative
film nothing pretext show ridiculous action scenes,negative
awful,negative
still bad actress repeating robotic face moves pictures,negative
results well shame,negative
delete film mind,negative
one worst shows time,negative
show would begin smart ass ed comments would totally wall uncalled,negative
fat computer geek unbelievable bible thumper badass girl actors,negative
never heard except cole totally unbelievable part,negative
every time opened mouth expect hear see kids pulling plug mercy killing horrible show,negative
stories unbelievable actors,negative
lame would best way describe,negative
stanwyck morgan perfectly cast many ways modern equivalent dickens christmas carol sensibility,positive
success film depends casting sydney greenstreet alexander yardley character,positive
attractive set used throughout film eyepleasing gem,positive
im big fan rpg games movie disgrace selfrespecting rpger,negative
lines cuts audio everything wrong,negative
find better movies youtube,negative
top line dont waste time money one bad comes,negative
lassie movie put sleep forever,negative
thats id describe painfully dreary timewaster film,negative
mediocre every aspect becomes dull uninteresting mess one forgettable movies ive seen,negative
isnt even achievement sobaditsgood sobaditsmemorable movie,negative
empty hollow shell movie,negative
seriously worth wasting kids time,negative
avoid avoid avoid,negative
drive barking mad,negative
transfers good,positive
nice relaxing late night viewing,positive
movie full wonderful dancing hence title,positive
great music terrific scenery,positive
handles tough issues dignity grace course shocking spoiler,positive
happy wonderful feel good ending,positive
point journey journey touches every member family,positive
one movies need see whenever comes tvnever mind fact already memorized,positive
nothing new,negative
done second movie,negative
movie almost action scenes little comedy,negative
plot holes pair fishnet stockings direction editing astonishingly ham fisted,negative
earth irons film,negative
saw film recommend,positive
good plot holds complete attention acting superb tom wilkinson fantastic emily watson also good,positive
good film indeed great unconditional love,positive
tom wilkinsons character man prepared ordeal begin takes matter hand story progresses great actor gives performance makes feel characters anguish suffering,positive
emily watsons character strong give quick glance understand everything,positive
despite pans reviewers liked movie,positive
fact liked better interview vampire liked lestat stuart townsend better cruises attempt,positive
aailiyah pretty good akasha places compelling first entrance mini dance scene,positive
im big fan series mostly due anne rices style sensitivities treatments,positive
guess liked details dysfunctionhe believable,positive
football scenes end perplexing,negative
thought acting skilled,positive
meredith better right,positive
charming film wonderful sentiment heart,positive
rare filmmaker takes time tell worthy moral tale care love doesnt fall trap overly syrupy indulgent,positive
nine ten truly lovely film,positive
early film future goremeister lucio fulci good addition giallo subgenre,positive
one best italian thrillers early 70s,positive
standout scene,positive
scene strong unpleasant,negative
technically film well made impressive camerawork solid acting effective music riz ortolani  particularly good recurring unaccompanied female vocal sounds like coming distant hill,positive
still wild stuff though highly recommended fans giallo cinema,positive
movie interesting beginning end,positive
liked way dustin hoffmans character ready everything stay son,positive
movie also revealing,positive
personally think shows people learn find compromise self without involving people issue,positive
boring,negative
tired clichés lazy writing come thick fast,negative
ps scene movie cool central character finds room blown,positive
fresh subtle rather sublime effect,positive
italian reviewer called small great film thats right,positive
actors give wonderful performance especially jennifer rubin jamie harris changes nervous starlet beginning strange events part cool star,positive
learn lot real inside emotions people movie lot movie business,positive
movie movie situations beginning game played acting coach fascinating,positive
also music mark snow possibly best score ive ever heard,positive
wont forget movie,positive
film made,negative
film ultracheap look,negative
result film dont look right,negative
none engaging exciting,negative
plot nonsense doesnt interest slightest way uniqueness,negative
foreigner worth one second time,negative
saw child tv back 1973 stranger loved,positive
duet astronaut doctor beginning movie perfect exchange one considers movie made well cold war astronauts biggest fear crashed ussr,positive
movie awesome,positive
loved really scary,positive
love scream movies horror movies one ranks way,positive
want real scare rent one,positive
1010,positive
extraordinary film,positive
courtroom drama compelling indictment american justice system frightening,positive
film highlights fundamental flaws legal process discovering guilt innocence rather presents better court,positive
film well paced understated one best courtroom documentaries ive seen,positive
mostly routine factbased tv drama gets boost fine performance cole,positive
predictable bad watch,positive
clear range ability pull part,positive
carries movie well,positive
constantine gives everything right intensity seems good understanding underlying psychological motivations,positive
wonderful inspiring watch hope gets released video dvd,positive
piece trash ever released beyond acting story characters supposedly special effects etcits wrong,negative
fact stinker smells like directtovideo release,negative
avoid costs,negative
star trek v final frontier worst series,negative
acting involved includes like shatner nimoy bad washed making seem old look real life special effects tacky like spock rescue kirk jet pack falls mountain,negative
attempts humor pitiful story awful dosent bear thinking basically involves vulcan stealing enterprise find god seriously didnt care film oh mention uhura belly dance distract male guards,negative
place good film garbage,negative
worst one series,negative
editing editing film phenomenal opinion,positive
song could explain emotions subjects better jay adams unfortunate life subject talk song old man neil young played evokes many emotions,positive
cinematography film shot interesting way,positive
course footage 70s grainy enhanced film,positive
film offers many delights surprises,positive
achille philippa beautifully sing duet giovanni perfectly describes situation movie appreciate subtle layers excellent film,positive
story unfolds 18th century jutland use period music played period instruments one fine touch,positive
share general loewenhielms exquisite joy partaking cailles en sarcophage even though watching movie wish small sample savor,positive
understated film leaves lasting impression,positive
warmth generates contrast austere backdrop,positive
leave theater wanting go dance stars,positive
acting youd expect cast top notch,positive
characters fleshed surprisingly well particularly grimes blake actors deliver sharply scripted lines right amount deadpan tongue cheek make dialogue hilarious realistic,positive
angus scrimm also turns good performance somewhat brief memorable role gently menacing violinplaying anatomist doctor quinn,positive
conclusion loved,positive
long time since entertained movie,positive
struggle find anything bad say,positive
mark words one cult films like evil dead 2 phantasm people still discovering falling love 20 30 40 years line,positive
pretty surprising wonderful film made 1949 hollywood generally collective heads sand concerning black white issues time,positive
film deserves strong kudos taking stand exceptional acting mostly lesserknown cast superintelligent script doesnt insult audience take easy way comes white racism,positive
plus movies rather modest budget fast running time amazing job,positive
juano hernandez exceptional actor played supporting roles many films era proud black man accused murdering white man south,positive
trumbull love lucy,positive
see kids chanceit open amazing dialog far race relations come last 50 years,positive
see films,positive
year however reminded us huston still top game evinced faithful adaptation james joyces acclaimed novella dead,positive
feelings thoughtsgabriels discomfort danceall intangibles leap life come within viewers grasp hustons portrayal,positive
disappointed wondered could oscar shortlist,negative
slow,negative
lot holes plot theres nothing became emperor nothing spend 20 years childhood mature age,negative
dont waste time,negative
end days one worst bigbudget action movies ive ever seen,negative
surely doesnt know make coherent action movie screenwriter air force one obliged write script big sum money,negative
one worst films ever seen,negative
im still trying get bad,negative
movie possibly one creative works horror ever,positive
everything could want suspense drama comedy confusing subplots native americans brain eating youre looking beall endall brainsucking movies look,positive
great sound effects impressive special effects cant recommend movie enough 1 call nut think one best movies ever 1 great character actors telly savalas peter boyle 1 1 hour 54 minutes sheer tedium melodrama horrible acting mess script sinking feeling good lord thinking 0 lots holes script 0 like bad two hour tv movie 0 imagine every single one decisions made wrong 0 dialogue atrocious 0 acting beyond abysmal 0 everything stinks 0 trouble writing directing make impossible establish things make movie watchable like character story theme 0 worse theres incredibly weak subplot thrown follows little band latterday mansonites go reporter whos working story anniversary killings 0 dumb pointless complete waste time 0 short dont bother movie 0 wont spoil ending pretty amazing 1 best scene movie end wont spoil 1 ever indication writer directors ability meld two highly volatile temperaments seamless union creativity 1 result powerhouse achievement made timely perhaps cultures disturbing fascination celebrity distorted interpretations fame 1 film easily forgotten 1 kevin spacey excellent verbal tsunami buddy ackerman  totally believable great actor 1 scripting subtle comedy unmatched movie recent years 1 characters interesting even bit predictable 1 highly recommended ages although younger set probably appreciate subtle references certainly appreciate one galley scene particular 1 great movie 1 also story acting weak 0 around 4 pm bought around 8pm started watch around 815pm fast forwarded remaining film see anything left watchable human brain wasnt 0 either way sucks 0 script horrendously stupid 0 story starts fast absolutely suspense buildup slightest 0 everything captain howdy says either laughable plain stupid 0 hell kind crap 0 theres plot holes 0 could drive semi truck holes 0 linda cardellini thing good film 1 shes poised amazing 1 dee snider plain sucks 0 cant act one least scary villains ever seen cant write write damn movie sleep 0 bored throughout whole damn thing 0 acting sucks music sucks script sucks pacing sucks special fx suck directing sucks basically movie sucks 0 film tries serious sophisticated thrillerhorror flick fails miserably 0 probably one least effective utterly unoriginal films ever seen entire life 0 piece cinematic garbage captured celluloid 0 avoid costs 0 rate film stinks funny fulci stayed giallo supernatural zombie movies 0 avoid film costs 0 dont know happened season five mess 0 consistent thread holding series together amazing performances leni parker anita laselva two taelons quiet idealogical conflict 0 movie really dislike 0 one boring horror movies 90s mainly starts slow centers boring atmosphere 0 puppets look really cheesy good way like puppet master 80s flicks 0 story lame interesting never really explains sinister origins puppets 0 arent death scenes like previous movies fx terrible 0 felt asleep first time watched recommend insomniacs 0 fact film wonderful heartwarming tale two people chasing dreams 1 best part nurse betty unpredictability,positive
director neil labute uses brutal violence seperate dreams reality along touching drama hilarious comedy never tell going happen next,positive
otherwise dont even waste time,negative
one fails create real suspense,negative
killer dont expect anything original even remotely frightening,negative
however pretty good acting least type film,positive
im sorry really cant recommend anyone,negative
one boringpointless movies ever seen,negative
secondary plot line incomprehensible relation primary plot line mystifying,negative
hated,negative
one worst sandra bullock movie since speed 2 quite bad,negative
dont understand garbage got shelves movie store even real movie,negative
highly doubt anyone could ever like trash,negative
moviemaking,negative
acting like watching wooden puppets moving around reading book thats bad,negative
warn youdo rent movie dumbest thing never seen,negative
saw short film hbo day absolutely loved,positive
didnt realize wonderful short really last two scenes,positive
excellent short film,positive
hopefully director james cox turn short feature length film cast win us whole new film,positive
agree jessica movie pretty bad,negative
characters onedimensional even good guys especially bad guys,negative
story line totally predictable,negative
much dialogue much music whole film shot elaborately aesthetically like sculpture,positive
ive seen soap operas intelligent movie,negative
bad characters bad story bad acting,negative
really awful,negative
easy watch,negative
funny clever hip like prays previous film hype,positive
long time didnt see charismatic actor screen,positive
paolo sorrentino written wonderful story loneliness tony built one unforgettable characters seen movies recent years,positive
movie completely perfect titta di girolamo stay long time vision movie,positive
rate movie 910,positive
know emilio estevezs directorial debut pacing interplay development characters well clever camera work surrounding character estevez plays suggest natural eye,positive
interplay martin emilio contains wonderful chemistry saw wall street martin charlie,positive
kathy bates wonderful characters subtle desperation escapism variation character play fields lord,positive
readers already seen one miyazakis films still top form made another worthwhile experience,positive
never condescends characters good genuine hearts believable problems,positive
two main characters may two believable children ever saw put screen,positive
easy love even easy identify,positive
movie greatespecially enjoy visual arts,positive
scenery two daughters paint photograph beautiful,positive
story also funny poignant times,positive
people like european films art movies like movie,positive
truly art movieit actually lot art,positive
go rent,positive
however finally watching film realized closed mind brilliance depicts also found watching,positive
one movie never ceases interest simply keeps alert try attempt decipher meanings,positive
brilliance indeed,positive
liked movies like matrix better yet sequels think youll appreciate thought provoking mindblowing experience film give,positive
think film like dream,positive
simply beautiful,positive
rickman stowe play roles hilt tale childrens book writer maybe written subversive tract,positive
gloriously fun fast paced fairly accurate portrayal night raver,positive
presents idyllic yet serious portrayal ups downs characters lives,positive
whatever avoid groove antithesis good human traffic,negative
bad everyone else involved didnt share crowes level dedication quality wed far better film hands subpar mess,negative
movie seemed little slow first,negative
picked speed got right point,positive
showed exactly government scientist argued humanity reasons gadget,positive
enjoyed,positive
recommended friends,positive
particularly pleased acting ability dwight schultz,positive
actors truly understand become particular character delivering convincing sincere performance,positive
onscreen chemistry critical entire film genuine,positive
films dialogue natural real life,positive
writer gorman bechard undoubtedly homework references industry characterage appropriate,positive
incredible soundtrack truly captures essence film,positive
track commands sentiment actually contributing scenes characters,positive
definitely worth seeing sort thought provoking film forces question threshold loneliness,positive
hayao miyazakis latest eighth film studio ghibili gake ue ponyo ponyo cliff sea wonderfully fun imaginative look childhood,positive
time seems film animation dominated disneypixars cgi masterpieces refreshing comforting know miyazaki still relying traditional handdrawn animation tell charming enchanting stories,positive
enough said remarkable animation film,positive
art style appearance crayonpencil drawings wonderfully colorful fanciful,positive
act film glad youre gonna drift away earth far possible,negative
one wants surf small wave space movies 1998 deep impact armageddon one fails everywhere,negative
havent choked vomit end cheap drama worthless dialogue youve must bored death waste time,negative
still makes super ending depicts great sea vessel taken mighty frost,positive
consider excellent story solid acting look film added bonuses,positive
instead got bore fest whiny spoiled brat babysitting,negative
watched two sundays ago march 20th 2005 began really enjoy time taped entire thing,positive
well acted done tv movie,positive
judith light one favorite actresses think superb job film,positive
keep watching,positive
sad movie good,positive
seen movie definitely recommend,positive
lovely usual cutie,positive
still quite interesting entertaining follow,positive
recommend confidence,positive
movie wellbalanced comedy drama thoroughly enjoyed,positive
riot see hugo weaving play sexobsessed gay real estate salesman uses clients houses trysts flaming darren tom hollander,positive
anyway plot flowed smoothly malebonding scenes hoot,positive
opening sequence gem classic cat n mouse games follow delight watch,positive
fans genre heaven,positive
lange become great actress,positive
looked like wonderful story,positive
never walked movie faster,negative
got bored watching jessice lange take clothes,negative
unfortunately virtue films production work lost regrettable script,negative
word embarrassing,negative
exceptionally bad,negative
insult ones intelligence huge waste money,negative
